date,state,death,deathIncrease,hospitalized,hospitalizedCumulative,hospitalizedIncrease,negative,negativeIncrease,positive,positiveIncrease,positiveScore,totalTestEncountersViral,totalTestEncountersViralIncrease,totalTestResults,totalTestResultsIncrease,totalTestsPeopleViralIncrease,totalTestsViralIncrease
2021-03-07,FL,32266,66,82237,82237,92,9339038,19166,1909209,4024,0,22339182,64599,22339182,64599,23190,52132
2021-03-06,FL,32200,107,82145,82145,243,9319872,23282,1905185,4587,0,22274583,87820,22274583,87820,27869,59303
2021-03-05,FL,32093,138,81902,81902,302,9296590,26910,1900598,5876,0,22186763,106925,22186763,106925,32786,77877
2021-03-04,FL,31955,126,81600,81600,322,9269680,26450,1894722,5997,0,22079838,104245,22079838,104245,32447,74448
2021-03-03,FL,31829,133,81278,81278,306,9243230,17249,1888725,5860,0,21975593,73990,21975593,73990,23109,51529
2021-03-02,FL,31696,140,80972,80972,313,9225981,33192,1882865,7047,0,21901603,116917,21901603,116917,40239,89285
2021-03-01,FL,31556,150,80659,80659,87,9192789,7255,1875818,1664,0,21784686,22888,21784686,22888,8919,22915
2021-02-28,FL,31406,126,80572,80572,105,9185534,22572,1874154,5385,0,21761798,77453,21761798,77453,27957,64408
2021-02-27,FL,31280,118,80467,80467,229,9162962,25314,1868769,5316,0,21684345,90722,21684345,90722,30630,68213
2021-02-26,FL,31162,144,80238,80238,282,9137648,26855,1863453,5783,0,21593623,105518,21593623,105518,32638,75982
2021-02-25,FL,31018,140,79956,79956,281,9110793,29829,1857670,6519,0,21488105,118508,21488105,118508,36348,83120
2021-02-24,FL,30878,129,79675,79675,265,9080964,29359,1851151,6923,0,21369597,105398,21369597,105398,36282,85494
2021-02-23,FL,30749,154,79410,79410,314,9051605,21886,1844228,5483,0,21264199,76769,21264199,76769,27369,63708
2021-02-22,FL,30595,161,79096,79096,150,9029719,17496,1838745,4037,0,21187430,54779,21187430,54779,21533,46923
2021-02-21,FL,30434,95,78946,78946,106,9012223,22676,1834708,4935,0,21132651,72854,21132651,72854,27611,57184
2021-02-20,FL,30339,125,78840,78840,250,8989547,32585,1829773,7129,0,21059797,115318,21059797,115318,39714,83211
2021-02-19,FL,30214,224,78590,78590,295,8956962,27701,1822644,6536,0,20944479,101356,20944479,101356,34237,76321
2021-02-18,FL,29990,166,78295,78295,301,8929261,19376,1816108,5030,0,20843123,73326,20843123,73326,24406,50223
2021-02-17,FL,29824,165,77994,77994,308,8909885,28762,1811078,7185,0,20769797,103720,20769797,103720,35947,77389
2021-02-16,FL,29659,225,77686,77686,314,8881123,25432,1803893,6165,0,20666077,90631,20666077,90631,31597,70063
2021-02-15,FL,29434,159,77372,77372,117,8855691,15019,1797728,3573,0,20575446,49636,20575446,49636,18592,42868
2021-02-14,FL,29275,96,77255,77255,121,8840672,24458,1794155,5328,0,20525810,77846,20525810,77846,29786,65503
2021-02-13,FL,29179,118,77134,77134,261,8816214,28940,1788827,7377,0,20447964,104841,20447964,104841,36317,80932
2021-02-12,FL,29061,190,76873,76873,286,8787274,29198,1781450,7437,0,20343123,109356,20343123,109356,36635,85324
2021-02-11,FL,28871,180,76587,76587,301,8758076,30793,1774013,8354,0,20233767,122288,20233767,122288,39147,88408
2021-02-10,FL,28691,165,76286,76286,285,8727283,27677,1765659,7405,0,20111479,101357,20111479,101357,35082,79153
2021-02-09,FL,28526,239,76001,76001,353,8699606,24690,1758254,6911,0,20010122,91141,20010122,91141,31601,72831
2021-02-08,FL,28287,126,75648,75648,133,8674916,21924,1751343,5599,0,19918981,69118,19918981,69118,27523,63818
2021-02-07,FL,28161,103,75515,75515,152,8652992,27601,1745744,6468,0,19849863,89947,19849863,89947,34069,79722
2021-02-06,FL,28058,145,75363,75363,301,8625391,28676,1739276,7345,0,19759916,108034,19759916,108034,36021,79877
2021-02-05,FL,27913,215,75062,75062,341,8596715,44918,1731931,11171,0,19651882,176996,19651882,176996,56089,122801
2021-02-04,FL,27698,226,74721,74721,338,8551797,17814,1720760,8434,0,19474886,68280,19474886,68280,26248,62373
2021-02-03,FL,27472,203,74383,74383,422,8533983,21756,1712326,6694,0,19406606,79696,19406606,79696,28450,52205
2021-02-02,FL,27269,140,73961,73961,410,8512227,31742,1705632,10332,0,19326910,109904,19326910,109904,42074,93464
2021-02-01,FL,27129,214,73551,73551,167,8480485,19021,1695300,5600,0,19217006,59496,19217006,59496,24621,54434
2021-01-31,FL,26915,120,73384,73384,164,8461464,39124,1689700,7604,0,19157510,129743,19157510,129743,46728,106467
2021-01-30,FL,26795,110,73220,73220,276,8422340,63111,1682096,14654,0,19027767,207768,19027767,207768,77765,164521
2021-01-29,FL,26685,229,72944,72944,341,8359229,11105,1667442,10745,0,18819999,54799,18819999,54799,21850,56253
2021-01-28,FL,26456,207,72603,72603,388,8348124,36266,1656697,11190,0,18765200,133418,18765200,133418,47456,71394
2021-01-27,FL,26249,169,72215,72215,363,8311858,19453,1645507,8211,0,18631782,65513,18631782,65513,27664,22113
2021-01-26,FL,26080,231,71852,71852,465,8292405,23990,1637296,9466,0,18566269,88400,18566269,88400,33456,75761
2021-01-25,FL,25849,156,71387,71387,168,8268415,25355,1627830,8542,0,18477869,80045,18477869,80045,33897,76322
2021-01-24,FL,25693,132,71219,71219,182,8243060,27674,1619288,9335,0,18397824,102178,18397824,102178,37009,82643
2021-01-23,FL,25561,156,71037,71037,270,8215386,48994,1609953,12104,0,18295646,169590,18295646,169590,61098,138643
2021-01-22,FL,25405,277,70767,70767,461,8166392,22189,1597849,13407,0,18126056,83831,18126056,83831,35596,82008
2021-01-21,FL,25128,163,70306,70306,352,8144203,37904,1584442,12602,0,18042225,131557,18042225,131557,50506,111467
2021-01-20,FL,24965,145,69954,69954,471,8106299,26957,1571840,11825,0,17910668,89293,17910668,89293,38782,85876
2021-01-19,FL,24820,163,69483,69483,318,8079342,26994,1560015,9571,0,17821375,92379,17821375,92379,36565,86434
2021-01-18,FL,24657,142,69165,69165,178,8052348,22048,1550444,7877,0,17728996,74912,17728996,74912,29925,68542
2021-01-17,FL,24515,135,68987,68987,207,8030300,66648,1542567,10737,0,17654084,107367,17654084,107367,77385,95191
2021-01-16,FL,24380,211,68780,68780,336,7963652,36230,1531830,11886,0,17546717,122159,17546717,122159,48116,101755
2021-01-15,FL,24169,188,68444,68444,433,7927422,39799,1519944,16415,0,17424558,141762,17424558,141762,56214,127003
2021-01-14,FL,23981,222,68011,68011,413,7887623,37435,1503529,13381,0,17282796,134756,17282796,134756,50816,109483
2021-01-13,FL,23759,174,67598,67598,440,7850188,39033,1490148,13664,0,17148040,116070,17148040,116070,52697,105916
2021-01-12,FL,23585,161,67158,67158,420,7811155,40252,1476484,14526,0,17031970,117059,17031970,117059,54778,113009
2021-01-11,FL,23424,163,66738,66738,205,7770903,26775,1461958,11338,0,16914911,96946,16914911,96946,38113,93865
2021-01-10,FL,23261,111,66533,66533,201,7744128,35722,1450620,12041,0,16817965,102271,16817965,102271,47763,94979
2021-01-09,FL,23150,139,66332,66332,346,7708406,31803,1438579,15069,0,16715694,122817,16715694,122817,46872,107151
2021-01-08,FL,23011,194,65986,65986,364,7676603,42110,1423510,19136,0,16592877,141599,16592877,141599,61246,129677
2021-01-07,FL,22817,170,65622,65622,390,7634493,42130,1404374,19334,0,16451278,140840,16451278,140840,61464,123722
2021-01-06,FL,22647,132,65232,65232,449,7592363,38374,1385040,17262,0,16310438,114362,16310438,114362,55636,110152
2021-01-05,FL,22515,100,64783,64783,386,7553989,33771,1367778,15556,0,16196076,100188,16196076,100188,49327,91766
2021-01-04,FL,22415,105,64397,64397,181,7520218,22720,1352222,10935,0,16095888,75287,16095888,75287,33655,71627
2021-01-03,FL,22310,100,64216,64216,187,7497498,24021,1341287,10228,0,16020601,69851,16020601,69851,34249,66554
2021-01-02,FL,22210,220,64029,64029,288,7473477,68413,1331059,30531,0,15950750,247151,15950750,247151,98944,217713
2021-01-01,FL,21990,0,63741,63741,0,7405064,0,1300528,0,0,15703599,0,15703599,0,0,0
2020-12-31,FL,21990,133,63741,63741,366,7405064,44106,1300528,16827,0,15703599,119229,15703599,119229,60933,113684
2020-12-30,FL,21857,139,63375,63375,376,7360958,28033,1283701,13638,0,15584370,140593,15584370,140593,41671,131549
2020-12-29,FL,21718,105,62999,62999,492,7332925,32749,1270063,11748,0,15443777,35797,15443777,35797,44497,50317
2020-12-28,FL,21613,99,62507,62507,211,7300176,19734,1258315,8040,0,15407980,63988,15407980,63988,27774,64592
2020-12-27,FL,21514,77,62296,62296,178,7280442,20227,1250275,7157,0,15343992,62641,15343992,62641,27384,51462
2020-12-26,FL,21437,142,62118,62118,196,7260215,49967,1243118,16588,0,15281351,187895,15281351,187895,66555,160584
2020-12-25,FL,21295,0,61922,61922,0,7210248,0,1226530,0,0,15093456,0,15093456,0,0,0
2020-12-24,FL,21295,122,61922,61922,305,7210248,47074,1226530,12770,0,15093456,151586,15093456,151586,59844,128510
2020-12-23,FL,21173,121,61617,61617,338,7163174,42208,1213760,11100,0,14941870,108462,14941870,108462,53308,106679
2020-12-22,FL,21052,76,61279,61279,326,7120966,37852,1202660,10204,0,14833408,105361,14833408,105361,48056,101519
2020-12-21,FL,20976,115,60953,60953,162,7083114,41509,1192456,10907,0,14728047,116673,14728047,116673,52416,113728
2020-12-20,FL,20861,97,60791,60791,148,7041605,34499,1181549,8140,0,14611374,93311,14611374,93311,42639,86015
2020-12-19,FL,20764,74,60643,60643,251,7007106,40629,1173409,11456,0,14518063,123243,14518063,123243,52085,110461
2020-12-18,FL,20690,96,60392,60392,315,6966477,43646,1161953,12827,0,14394820,132680,14394820,132680,56473,121436
2020-12-17,FL,20594,104,60077,60077,326,6922831,46794,1149126,13102,0,14262140,131562,14262140,131562,59896,114068
2020-12-16,FL,20490,125,59751,59751,366,6876037,39035,1136024,11282,0,14130578,108401,14130578,108401,50317,103137
2020-12-15,FL,20365,94,59385,59385,352,6837002,34435,1124742,9296,0,14022177,85977,14022177,85977,43731,82685
2020-12-14,FL,20271,138,59033,59033,142,6802567,32182,1115446,8343,0,13936200,90729,13936200,90729,40525,84951
2020-12-13,FL,20133,84,58891,58891,141,6770385,29589,1107103,8762,0,13845471,103473,13845471,103473,38351,93218
2020-12-12,FL,20049,72,58750,58750,259,6740796,41840,1098341,10385,0,13741998,120432,13741998,120432,52225,101779
2020-12-11,FL,19977,126,58491,58491,265,6698956,43768,1087956,11409,0,13621566,131102,13621566,131102,55177,114094
2020-12-10,FL,19851,135,58226,58226,269,6655188,48767,1076547,11071,0,13490464,127033,13490464,127033,59838,109505
2020-12-09,FL,19716,89,57957,57957,310,6606421,38060,1065476,9411,0,13363431,97815,13363431,97815,47471,82934
2020-12-08,FL,19627,98,57647,57647,307,6568361,32172,1056065,7801,0,13265616,89756,13265616,89756,39973,84418
2020-12-07,FL,19529,106,57340,57340,155,6536189,30952,1048264,7537,0,13175860,92339,13175860,92339,38489,86753
2020-12-06,FL,19423,96,57185,57185,145,6505237,41197,1040727,8175,0,13083521,96582,13083521,96582,49372,86153
2020-12-05,FL,19327,91,57040,57040,231,6464040,42210,1032552,10198,0,12986939,129842,12986939,129842,52408,108006
2020-12-04,FL,19236,124,56809,56809,282,6421830,45549,1022354,9898,0,12857097,121877,12857097,121877,55447,106388
2020-12-03,FL,19112,100,56527,56527,258,6376281,39894,1012456,10656,0,12735220,119339,12735220,119339,50550,100320
2020-12-02,FL,19012,96,56269,56269,377,6336387,40478,1001800,9890,0,12615881,98399,12615881,98399,50368,89561
2020-12-01,FL,18916,82,55892,55892,338,6295909,39477,991910,8540,0,12517482,89717,12517482,89717,48017,87019
2020-11-30,FL,18834,98,55554,55554,161,6256432,29041,983370,6426,0,12427765,71417,12427765,71417,35467,70057
2020-11-29,FL,18736,59,55393,55393,116,6227391,30102,976944,7131,0,12356348,85090,12356348,85090,37233,80168
2020-11-28,FL,18677,81,55277,55277,128,6197289,30204,969813,6062,0,12271258,79276,12271258,79276,36266,63897
2020-11-27,FL,18596,114,55149,55149,336,6167085,85406,963751,16795,0,12191982,242690,12191982,242690,102201,211218
2020-11-26,FL,18482,0,54813,54813,0,6081679,0,946956,0,0,11949292,0,11949292,0,0,0
2020-11-25,FL,18482,99,54813,54813,313,6081679,38084,946956,8126,0,11949292,106585,11949292,106585,46210,96122
2020-11-24,FL,18383,73,54500,54500,333,6043595,45821,938830,8102,0,11842707,101987,11842707,101987,53923,98985
2020-11-23,FL,18310,96,54167,54167,100,5997774,23987,930728,6114,0,11740720,79792,11740720,79792,30101,79817
2020-11-22,FL,18214,62,54067,54067,138,5973787,41853,924614,6374,0,11660928,90769,11660928,90769,48227,82235
2020-11-21,FL,18152,42,53929,53929,180,5931934,39309,918240,8175,0,11570159,113698,11570159,113698,47484,99099
2020-11-20,FL,18110,80,53749,53749,230,5892625,38335,910065,8831,0,11456461,107865,11456461,107865,47166,88356
2020-11-19,FL,18030,81,53519,53519,236,5854290,41643,901234,8882,0,11348596,110691,11348596,110691,50525,88682
2020-11-18,FL,17949,88,53283,53283,317,5812647,33734,892352,7727,0,11237905,87065,11237905,87065,41461,78712
2020-11-17,FL,17861,86,52966,52966,317,5778913,30776,884625,7285,0,11150840,77345,11150840,77345,38061,71072
2020-11-16,FL,17775,41,52649,52649,120,5748137,21642,877340,4530,0,11073495,51327,11073495,51327,26172,50170
2020-11-15,FL,17734,30,52529,52529,88,5726495,34533,872810,9820,0,11022168,122779,11022168,122779,44353,106603
2020-11-14,FL,17704,45,52441,52441,278,5691962,27562,862990,4405,0,10899389,37613,10899389,37613,31967,35687
2020-11-13,FL,17659,74,52163,52163,271,5664400,22512,858585,6760,0,10861776,78469,10861776,78469,29272,61456
2020-11-12,FL,17585,73,51892,51892,161,5641888,21228,851825,5504,0,10783307,69004,10783307,69004,26732,52534
2020-11-11,FL,17512,52,51731,51731,252,5620660,27071,846321,5669,0,10714303,67377,10714303,67377,32740,57657
2020-11-10,FL,17460,69,51479,51479,283,5593589,19829,840652,4282,0,10646926,46452,10646926,46452,24111,39288
2020-11-09,FL,17391,58,51196,51196,103,5573760,16454,836370,3845,0,10600474,44970,10600474,44970,20299,40593
2020-11-08,FL,17333,22,51093,51093,64,5557306,38183,832525,6619,0,10555504,101854,10555504,101854,44802,80436
2020-11-07,FL,17311,87,51029,51029,161,5519123,14673,825906,4380,0,10453650,48304,10453650,48304,19053,44755
2020-11-06,FL,17224,54,50868,50868,198,5504450,29721,821526,5150,0,10405346,76349,10405346,76349,34871,59562
2020-11-05,FL,17170,39,50670,50670,191,5474729,37818,816376,6120,0,10328997,92039,10328997,92039,43938,71991
2020-11-04,FL,17131,32,50479,50479,181,5436911,17075,810256,4332,0,10236958,54498,10236958,54498,21407,24719
2020-11-03,FL,17099,56,50298,50298,235,5419836,20822,805924,4553,0,10182460,55696,10182460,55696,25375,8967
2020-11-02,FL,17043,46,50063,50063,82,5399014,19925,801371,4569,0,10126764,39866,10126764,39866,24494,39969
2020-11-01,FL,16997,28,49981,49981,67,5379089,44294,796802,4805,0,10086898,107550,10086898,107550,49099,95177
2020-10-31,FL,16969,42,49914,49914,156,5334795,50628,791997,2283,0,9979348,35722,9979348,35722,52911,28542
2020-10-30,FL,16927,73,49758,49758,178,5284167,0,789714,5383,0,9943626,88022,9943626,88022,5383,77047
2020-10-29,FL,16854,79,49580,49580,291,5284167,34210,784331,4111,0,9855604,81412,9855604,81412,38321,65632
2020-10-28,FL,16775,66,49289,49289,212,5249957,34534,780220,4005,0,9774192,70701,9774192,70701,38539,57282
2020-10-27,FL,16709,57,49077,49077,235,5215423,12687,776215,4226,0,9703491,64541,9703491,64541,22398,54792
2020-10-26,FL,16652,20,48842,48842,76,5202736,28649,771989,3336,0,9638950,56560,9638950,56560,31974,46833
2020-10-25,FL,16632,12,48766,48766,82,5174087,12277,768653,2348,0,9582390,50215,9582390,50215,14632,38842
2020-10-24,FL,16620,76,48684,48684,174,5161810,67838,766305,4381,0,9532175,120483,9532175,120483,72244,96036
2020-10-23,FL,16544,74,48510,48510,190,5093972,40124,761924,3618,0,9411692,92812,9411692,92812,43749,69522
2020-10-22,FL,16470,162,48320,48320,149,5053848,46290,758306,5461,0,9318880,97356,9318880,97356,42812,68685
2020-10-21,FL,16308,0,48171,48171,276,5007558,0,752845,2106,0,9221524,31901,9221524,31901,11033,27032
2020-10-20,FL,16308,86,47895,47895,231,5007558,25002,750739,3556,0,9189623,58302,9189623,58302,28581,48510
2020-10-19,FL,16222,54,47664,47664,72,4982556,15184,747183,1691,0,9131321,36064,9131321,36064,35105,31025
2020-10-18,FL,16168,50,47592,47592,79,4967372,15753,745492,2474,0,9095257,53114,9095257,53114,0,39555
2020-10-17,FL,16118,88,47513,47513,117,4951619,26371,743018,3968,0,9042143,76807,9042143,76807,30330,58132
2020-10-16,FL,16030,98,47396,47396,173,4925248,26715,739050,3365,0,8965336,77646,8965336,77646,30105,50288
2020-10-15,FL,15932,144,47223,47223,212,4898533,24918,735685,3286,0,8887690,63585,8887690,63585,28206,46803
2020-10-14,FL,15788,66,47011,47011,258,4873615,18940,732399,2808,0,8824105,52615,8824105,52615,21738,40330
2020-10-13,FL,15722,123,46753,46753,212,4854675,23416,729591,2657,0,8771490,53779,8771490,53779,26052,43659
2020-10-12,FL,15599,47,46541,46541,91,4831259,15219,726934,1519,0,8717711,36802,8717711,36802,16742,31400
2020-10-11,FL,15552,180,46450,46450,249,4816040,26799,725415,5414,0,8680909,105804,8680909,105804,32162,91094
2020-10-10,FL,15372,0,46201,46201,0,4789241,0,720001,0,0,8575105,22523,8575105,22523,0,0
2020-10-09,FL,15372,118,46201,46201,196,4789241,25496,720001,2853,0,8552582,69642,8552582,69642,28380,48343
2020-10-08,FL,15254,170,46005,46005,228,4763745,26741,717148,3246,0,8482940,71411,8482940,71411,29978,50009
2020-10-07,FL,15084,139,45777,45777,258,4737004,23551,713902,2544,0,8411529,60824,8411529,60824,26074,44076
2020-10-06,FL,14945,59,45519,45519,237,4713453,18644,711358,2201,0,8350705,42993,8350705,42993,20855,35706
2020-10-05,FL,14886,41,45282,45282,67,4694809,14394,709157,1406,0,8307712,35365,8307712,35365,36162,29364
2020-10-04,FL,14845,42,45215,45215,64,4680415,18547,707751,1786,0,8272347,49430,8272347,49430,-190,33650
2020-10-03,FL,14803,73,45151,45151,160,4661868,22151,705965,2753,0,8222917,58250,8222917,58250,50710,42378
2020-10-02,FL,14730,111,44991,44991,170,4639717,23026,703212,2610,0,8164667,70613,8164667,70613,0,44563
2020-10-01,FL,14619,131,44821,44821,213,4616691,22023,700602,2551,0,8094054,59906,8094054,59906,24588,41505
2020-09-30,FL,14488,175,44608,44608,253,4594668,9120,698051,1880,0,8034148,40727,8034148,40727,10998,27829
2020-09-29,FL,14313,106,44355,44355,252,4585548,25178,696171,3209,0,7993421,64222,7993421,64222,28395,49290
2020-09-28,FL,14207,5,44103,44103,73,4560370,7493,692962,728,0,7929199,19004,7929199,19004,8206,15277
2020-09-27,FL,14202,12,44030,44030,66,4552877,16552,692234,1847,0,7910195,45268,7910195,45268,18402,30689
2020-09-26,FL,14190,107,43964,43964,171,4536325,26218,690387,2731,0,7864927,66440,7864927,66440,28959,49243
2020-09-25,FL,14083,122,43793,43793,172,4510107,23648,687656,2809,0,7798487,65615,7798487,65615,26443,45143
2020-09-24,FL,13961,179,43621,43621,188,4486459,20978,684847,2477,0,7732872,58096,7732872,58096,23459,40594
2020-09-23,FL,13782,203,43433,43433,172,4465481,21048,682370,2594,0,7674776,48926,7674776,48926,23636,39828
2020-09-22,FL,13579,99,43261,43261,228,4444433,16612,679776,2414,0,7625850,40522,7625850,40522,19027,34042
2020-09-21,FL,13480,21,43033,43033,94,4427821,16486,677362,1671,0,7585328,38280,7585328,38280,44738,32367
2020-09-20,FL,13459,9,42939,42939,81,4411335,24014,675691,2497,0,7547048,53474,7547048,53474,0,42537
2020-09-19,FL,13450,63,42858,42858,143,4387321,26720,673194,3510,0,7493574,78220,7493574,78220,30225,50804
2020-09-18,FL,13387,140,42715,42715,190,4360601,24084,669684,3177,0,7415354,76142,7415354,76142,27241,45857
2020-09-17,FL,13247,147,42525,42525,198,4336517,23695,666507,3273,0,7339212,73203,7339212,73203,26994,45189
2020-09-16,FL,13100,154,42327,42327,200,4312822,12821,663234,2288,0,7266009,51573,7266009,51573,15230,30294
2020-09-15,FL,12946,146,42127,42127,281,4300001,24723,660946,2743,0,7214436,63096,7214436,63096,27490,43038
2020-09-14,FL,12800,36,41846,41846,77,4275278,15342,658203,1718,0,7151340,46031,7151340,46031,17073,29201
2020-09-13,FL,12764,8,41769,41769,82,4259936,19827,656485,2395,0,7105309,56042,7105309,56042,22211,37766
2020-09-12,FL,12756,98,41687,41687,193,4240109,21734,654090,3168,0,7049267,71355,7049267,71355,24921,42983
2020-09-11,FL,12658,176,41494,41494,215,4218375,22847,650922,3604,0,6977912,66136,6977912,66136,26463,44086
2020-09-10,FL,12482,213,41279,41279,294,4195528,16428,647318,2537,0,6911776,45837,6911776,45837,18929,33271
2020-09-09,FL,12269,202,40985,40985,324,4179100,12319,644781,2006,0,6865939,38874,6865939,38874,14244,29996
2020-09-08,FL,12067,44,40661,40661,114,4166781,13366,642775,1797,0,6827065,36334,6827065,36334,15153,25630
2020-09-07,FL,12023,22,40547,40547,60,4153415,15076,640978,1812,0,6790731,40794,6790731,40794,37801,29358
2020-09-06,FL,12001,38,40487,40487,114,4138339,18399,639166,2513,0,6749937,49967,6749937,49967,0,32938
2020-09-05,FL,11963,60,40373,40373,246,4119940,20144,636653,3593,0,6699970,61498,6699970,61498,23740,40774
2020-09-04,FL,11903,103,40127,40127,243,4099796,19113,633060,3147,0,6638472,62489,6638472,62489,22281,39242
2020-09-03,FL,11800,149,39884,39884,273,4080683,20323,629913,3487,0,6575983,57417,6575983,57417,23824,38714
2020-09-02,FL,11651,130,39611,39611,300,4060360,15534,626426,2310,0,6518566,44016,6518566,44016,17833,32053
2020-09-01,FL,11521,190,39311,39311,369,4044826,52758,624116,7487,0,6474550,110290,6474550,110290,60252,99401
2020-08-31,FL,11331,68,38942,38942,85,3992068,14046,616629,1876,0,6364260,33553,6364260,33553,15974,25940
2020-08-30,FL,11263,14,38857,38857,96,3978022,21814,614753,2547,0,6330707,51890,6330707,51890,24396,41324
2020-08-29,FL,11249,150,38761,38761,287,3956208,24337,612206,3132,0,6278817,62926,6278817,62926,27496,46313
2020-08-28,FL,11099,88,38474,38474,311,3931871,26498,609074,3732,0,6215891,65264,6215891,65264,30273,48961
2020-08-27,FL,11011,139,38163,38163,316,3905373,21277,605342,3229,0,6150627,50652,6150627,50652,24480,41344
2020-08-26,FL,10872,155,37847,37847,370,3884096,23074,602113,2937,0,6099975,56520,6099975,56520,25946,44445
2020-08-25,FL,10717,183,37477,37477,445,3861022,16695,599176,2665,0,6043455,36233,6043455,36233,19400,33890
2020-08-24,FL,10534,72,37032,37032,129,3844327,16265,596511,2224,0,6007222,39163,6007222,39163,18482,31321
2020-08-23,FL,10462,51,36903,36903,139,3828062,23812,594287,3004,0,5968059,52380,5968059,52380,26835,45356
2020-08-22,FL,10411,107,36764,36764,339,3804250,30324,591283,4260,0,5915679,85096,5915679,85096,34620,60865
2020-08-21,FL,10304,118,36425,36425,355,3773926,26776,587023,4616,0,5830583,67384,5830583,67384,31460,53686
2020-08-20,FL,10186,119,36070,36070,450,3747150,24958,582407,4516,0,5763199,66232,5763199,66232,29471,50464
2020-08-19,FL,10067,174,35620,35620,508,3722192,23084,577891,4080,0,5696967,57826,5696967,57826,27352,48598
2020-08-18,FL,9893,219,35112,35112,505,3699108,22326,573811,3787,0,5639141,48228,5639141,48228,26095,43671
2020-08-17,FL,9674,87,34607,34607,266,3676782,17570,570024,2649,0,5590913,32572,5590913,32572,20238,33497
2020-08-16,FL,9587,107,34341,34341,267,3659212,26124,567375,3747,0,5558341,48738,5558341,48738,29906,47702
2020-08-15,FL,9480,204,34074,34074,506,3633088,35808,563628,6291,0,5509603,80747,5509603,80747,42230,69705
2020-08-14,FL,9276,229,33568,33568,621,3597280,32299,557337,7997,0,5428856,74732,5428856,74732,19812,65148
2020-08-13,FL,9047,149,32947,32947,598,3564981,28303,549340,6227,0,5354124,64496,5354124,64496,34612,58556
2020-08-12,FL,8898,213,32349,32349,599,3536678,30195,543113,8095,0,5289628,66969,5289628,66969,38385,62892
2020-08-11,FL,8685,277,31750,31750,573,3506483,29587,535018,5762,0,5222659,55472,5222659,55472,35514,55758
2020-08-10,FL,8408,93,31177,31177,284,3476896,24039,529256,4150,0,5167187,47934,5167187,47934,28247,45904
2020-08-09,FL,8315,77,30893,30893,254,3452857,33562,525106,6139,0,5119253,71550,5119253,71550,39798,61932
2020-08-08,FL,8238,187,30639,30639,525,3419295,40431,518967,8343,0,5047703,83387,5047703,83387,49018,77136
2020-08-07,FL,8051,180,30114,30114,599,3378864,31890,510624,7541,0,4964316,73757,4964316,73757,39734,61294
2020-08-06,FL,7871,120,29515,29515,559,3346974,34829,503083,7573,0,4890559,88745,4890559,88745,42593,69309
2020-08-05,FL,7751,225,28956,28956,623,3312145,25017,495510,5424,0,4801814,48947,4801814,48947,30481,46760
2020-08-04,FL,7526,247,28333,28333,589,3287128,26214,490086,5357,0,4752867,48391,4752867,48391,31706,49344
2020-08-03,FL,7279,73,27744,27744,220,3260914,27049,484729,4814,0,4704476,51913,4704476,51913,31934,49145
2020-08-02,FL,7206,62,27524,27524,180,3233865,34450,479915,7056,0,4652563,74332,4652563,74332,41687,65960
2020-08-01,FL,7144,178,27344,27344,439,3199415,41713,472859,9502,0,4578231,84455,4578231,84455,51482,81174
2020-07-31,FL,6966,257,26905,26905,519,3157702,39964,463357,8900,0,4493776,82202,4493776,82202,49200,77161
2020-07-30,FL,6709,252,26386,26386,519,3117738,42396,454457,9835,0,4411574,80116,4411574,80116,52472,78026
2020-07-29,FL,6457,217,25867,25867,587,3075342,37020,444622,9320,0,4331458,74521,4331458,74521,46580,71960
2020-07-28,FL,6240,191,25280,25280,590,3038322,39572,435302,9138,0,4256937,76414,4256937,76414,48871,73756
2020-07-27,FL,6049,77,24690,24690,269,2998750,36102,426164,8804,0,4180523,75332,4180523,75332,45137,70623
2020-07-26,FL,5972,78,24421,24421,335,2962648,40782,417360,9246,0,4105191,81480,4105191,81480,50204,77484
2020-07-25,FL,5894,126,24086,24086,511,2921866,47542,408114,12045,0,4023711,102503,4023711,102503,59842,96533
2020-07-24,FL,5768,136,23575,23575,584,2874324,53250,396069,12320,0,3921208,90669,3921208,90669,65902,91588
2020-07-23,FL,5632,173,22991,22991,403,2821074,45982,383749,10112,0,3830539,80043,3830539,80043,56444,81189
2020-07-22,FL,5459,140,22588,22588,465,2775092,45176,373637,9664,0,3750496,88585,3750496,88585,55067,80957
2020-07-21,FL,5319,136,22123,22123,518,2729916,38204,363973,9263,0,3661911,66455,3661911,66455,47752,67640
2020-07-20,FL,5183,92,21605,21605,296,2691712,39118,354710,10405,0,3595456,68914,3595456,68914,49632,69334
2020-07-19,FL,5091,89,21309,21309,340,2652594,58175,344305,12385,0,3526542,101596,3526542,101596,70769,98792
2020-07-18,FL,5002,90,20969,20969,443,2594419,40892,331920,10173,0,3424946,80694,3424946,80694,51276,76406
2020-07-17,FL,4912,130,20526,20526,372,2553527,53684,321747,11174,0,3344252,91724,3344252,91724,65245,90949
2020-07-16,FL,4782,156,20154,20154,495,2499843,65700,310573,13759,0,3252528,103084,3252528,103084,79831,104897
2020-07-15,FL,4626,112,19659,19659,458,2434143,40529,296814,9992,0,3149444,71041,3149444,71041,50803,74474
2020-07-14,FL,4514,133,19201,19201,384,2393614,36475,286822,9183,0,3078403,59489,3078403,59489,45753,61947
2020-07-13,FL,4381,35,18817,18817,227,2357139,52943,277639,12207,0,3018914,100982,3018914,100982,65800,103117
2020-07-12,FL,4346,45,18590,18590,249,2304196,83408,265432,15149,0,2917932,129145,2917932,129145,99003,136205
2020-07-11,FL,4301,98,18341,18341,425,2220788,43312,250283,10274,0,2788787,77508,2788787,77508,53818,83896
2020-07-10,FL,4203,92,17916,17916,437,2177476,52796,240009,11250,0,2711279,84956,2711279,84956,64356,89401
2020-07-09,FL,4111,120,17479,17479,411,2124680,28256,228759,8890,0,2626323,46776,2626323,46776,37247,49432
2020-07-08,FL,3991,48,17068,17068,335,2096424,41024,219869,9947,0,2579547,67436,2579547,67436,51122,71182
2020-07-07,FL,3943,63,16733,16733,381,2055400,27907,209922,7299,0,2512111,43362,2512111,43362,35330,29161
2020-07-06,FL,3880,48,16352,16352,151,2027493,27405,202623,6237,0,2468749,40509,2468749,40509,33842,43654
2020-07-05,FL,3832,29,16201,16201,161,2000088,43643,196386,9856,0,2428240,63788,2428240,63788,53768,67417
2020-07-04,FL,3803,18,16040,16040,245,1956445,53679,186530,11330,0,2364452,77840,2364452,77840,65271,81891
2020-07-03,FL,3785,67,15795,15795,341,1902766,39689,175200,9324,0,2286612,60623,2286612,60623,49262,63953
2020-07-02,FL,3718,68,15454,15454,329,1863077,41720,165876,9442,0,2225989,62493,2225989,62493,51879,69031
2020-07-01,FL,3650,46,15125,15125,246,1821357,28796,156434,6545,0,2163496,41848,2163496,41848,35405,42966
2020-06-30,FL,3604,58,14879,14879,228,1792561,26159,149889,6027,0,2121648,39427,2121648,39427,32359,37735
2020-06-29,FL,3546,28,14651,14651,111,1766402,25580,143862,5363,0,2082221,37707,2082221,37707,30907,43116
2020-06-28,FL,3518,29,14540,14540,108,1740822,43842,138499,8354,0,2044514,64790,2044514,64790,52453,69914
2020-06-27,FL,3489,25,14432,14432,151,1696980,51055,130145,9534,0,1979724,71204,1979724,71204,60710,79352
2020-06-26,FL,3464,41,14281,14281,213,1645925,39299,120611,8814,0,1908520,65014,1908520,65014,48269,69674
2020-06-25,FL,3423,46,14068,14068,203,1606626,47298,111797,4991,0,1843506,53065,1843506,53065,52372,58617
2020-06-24,FL,3377,44,13865,13865,251,1559328,22079,106806,5471,0,1790441,32598,1790441,32598,27602,34027
2020-06-23,FL,3333,67,13614,13614,207,1537249,19979,101335,3798,0,1757843,33677,1757843,33677,23298,33054
2020-06-22,FL,3266,12,13407,13407,82,1517270,15265,97537,2751,0,1724166,33994,1724166,33994,18205,22014
2020-06-21,FL,3254,17,13325,13325,98,1502005,34530,94786,4617,0,1690172,37092,1690172,37092,38055,45556
2020-06-20,FL,3237,40,13227,13227,165,1467475,24352,90169,4002,0,1653080,30974,1653080,30974,28404,34452
2020-06-19,FL,3197,43,13062,13062,200,1443123,17737,86167,3313,0,1622106,31521,1622106,31521,21561,26539
2020-06-18,FL,3154,44,12862,12862,189,1425386,22346,82854,2694,0,1590585,29092,1590585,29092,25556,30401
2020-06-17,FL,3110,25,12673,12673,184,1403040,22840,80160,2427,0,1561493,22825,1561493,22825,25462,30647
2020-06-16,FL,3085,55,12489,12489,191,1380200,27342,77733,2691,0,1538668,34413,1538668,34413,30133,37688
2020-06-15,FL,3030,8,12298,12298,74,1352858,19411,75042,1760,0,1504255,30907,1504255,30907,21172,26305
2020-06-14,FL,3022,6,12224,12224,69,1333447,36586,73282,2133,0,1473348,45792,1473348,45792,38591,45457
2020-06-13,FL,3016,49,12155,12155,169,1296861,31933,71149,2476,0,1427556,35007,1427556,35007,34506,41395
2020-06-12,FL,2967,29,11986,11986,136,1264928,27249,68673,1634,0,1392549,30492,1392549,30492,29167,35397
2020-06-11,FL,2938,49,11850,11850,229,1237679,26027,67039,1669,0,1362057,27796,1362057,27796,27725,34772
2020-06-10,FL,2889,38,11621,11621,161,1211652,19347,65370,1242,0,1334261,21339,1334261,21339,20720,26453
2020-06-09,FL,2851,53,11460,11460,178,1192305,22659,64128,1158,0,1312922,29175,1312922,29175,23770,29341
2020-06-08,FL,2798,12,11282,11282,67,1169646,17426,62970,1029,0,1283747,24940,1283747,24940,18408,22912
2020-06-07,FL,2786,13,11215,11215,52,1152220,40793,61941,1392,0,1258807,50715,1258807,50715,41999,49414
2020-06-06,FL,2773,28,11163,11163,97,1111427,37975,60549,1244,0,1208092,35848,1208092,35848,39241,45669
2020-06-05,FL,2745,54,11066,11066,143,1073452,26592,59305,1019,0,1172244,28263,1172244,28263,27913,34388
2020-06-04,FL,2691,41,10923,10923,127,1046860,24711,58286,1265,0,1143981,34562,1143981,34562,26127,33700
2020-06-03,FL,2650,37,10796,10796,118,1022149,29844,57021,1209,0,1109419,25625,1109419,25625,31154,49076
2020-06-02,FL,2613,70,10678,10678,184,992305,8735,55812,602,0,1083794,10168,1083794,10168,9353,0
2020-06-01,FL,2543,9,10494,10494,41,983570,18384,55210,700,0,1073626,24222,1073626,24222,19053,54450
2020-05-31,FL,2534,4,10453,10453,78,965186,25642,54510,870,0,1049404,26713,1049404,26713,26379,0
2020-05-30,FL,2530,35,10375,10375,132,939544,10802,53640,752,0,1022691,14315,1022691,14315,11726,51992
2020-05-29,FL,2495,49,10243,10243,187,928742,30411,52888,1221,0,1008376,36737,1008376,36737,30839,22146
2020-05-28,FL,2446,46,10056,10056,157,898331,17394,51667,614,0,971639,19497,971639,19497,18050,0
2020-05-27,FL,2400,62,9899,9899,159,880937,9968,51053,475,0,952142,13972,952142,13972,10351,12833
2020-05-26,FL,2338,7,9740,9740,59,870969,14480,50578,503,0,938170,18066,938170,18066,14992,18432
2020-05-25,FL,2331,15,9681,9681,43,856489,36121,50075,980,0,920104,37478,920104,37478,37012,41577
2020-05-24,FL,2316,4,9638,9638,71,820368,14058,49095,545,0,882626,15706,882626,15706,14804,18370
2020-05-23,FL,2312,44,9567,9567,195,806310,20265,48550,733,0,866920,25853,866920,25853,20940,49542
2020-05-22,FL,2268,46,9372,9372,172,786045,20791,47817,725,0,841067,23841,841067,23841,21588,0
2020-05-21,FL,2222,49,9200,9200,266,765254,41377,47092,1190,0,817226,45203,817226,45203,42915,53378
2020-05-20,FL,2173,44,8934,8934,190,723877,54966,45902,475,0,772023,71322,772023,71322,55507,67453
2020-05-19,FL,2129,56,8744,8744,191,668911,38941,45427,612,0,700701,30481,700701,30481,39452,73803
2020-05-18,FL,2073,24,8553,8553,75,629970,23766,44815,654,0,670220,19312,670220,19312,24629,0
2020-05-17,FL,2049,9,8478,8478,85,606204,20968,44161,1136,0,650908,21549,650908,21549,22286,746124
2020-05-16,FL,2040,49,8393,8393,400,585236,19609,43025,480,0,629359,6606,629359,6606,21221,0
2020-05-15,FL,1991,43,7993,7993,0,565627,0,42545,786,0,622753,15534,622753,15534,14096,0
2020-05-14,FL,1948,50,7993,7993,158,565627,13266,41759,792,0,607219,15700,607219,15700,15874,0
2020-05-13,FL,1898,49,7835,7835,181,552361,14680,40967,799,0,591519,14557,591519,14557,579604,0
2020-05-12,FL,1849,44,7654,7654,196,537681,17606,40168,606,0,576962,21155,576962,21155,0,0
2020-05-11,FL,1805,14,7458,7458,54,520075,21723,39562,383,0,555807,17780,555807,17780,0,0
2020-05-10,FL,1791,6,7404,7404,79,498352,10622,39179,681,0,538027,13684,538027,13684,0,0
2020-05-09,FL,1785,47,7325,7325,168,487730,13588,38498,765,0,524343,16745,524343,16745,0,0
2020-05-08,FL,1738,71,7157,7157,167,474142,20020,37733,344,0,507598,17302,507598,17302,0,0
2020-05-07,FL,1667,62,6990,6990,214,454122,12073,37389,625,0,490296,13811,490296,13811,0,0
2020-05-06,FL,1605,69,6776,6776,230,442049,13797,36764,581,0,476485,14803,476485,14803,0,0
2020-05-05,FL,1536,113,6546,6546,217,428252,20879,36183,574,0,461682,21067,461682,21067,0,0
2020-05-04,FL,1423,20,6329,6329,85,407373,15262,35609,768,0,440615,15372,440615,15372,0,0
2020-05-03,FL,1403,15,6244,6244,299,392111,11562,34841,632,0,425243,12393,425243,12393,0,0
2020-05-02,FL,1388,74,5945,5945,150,380549,12578,34209,703,0,412850,16386,412850,16386,0,0
2020-05-01,FL,1314,24,5795,5795,0,367971,19256,33506,977,0,396464,18225,396464,18225,0,0
2020-04-30,FL,1290,50,5795,5795,171,348715,8420,32529,514,0,378239,9670,378239,9670,0,0
2020-04-29,FL,1240,86,5624,5624,358,340295,6266,32015,343,0,368569,7013,368569,7013,0,0
2020-04-28,FL,1154,53,5266,5266,55,334029,9704,31672,748,0,361556,11763,361556,11763,0,0
2020-04-27,FL,1101,7,5211,5211,56,324325,11240,30924,519,0,349793,8877,349793,8877,0,0
2020-04-26,FL,1094,19,5155,5155,110,313085,10825,30405,795,0,340916,16900,340916,16900,0,0
2020-04-25,FL,1075,44,5045,5045,157,302260,15475,29610,734,0,324016,13407,324016,13407,0,0
2020-04-24,FL,1031,52,4888,4888,195,286785,18909,28876,1214,0,310609,18611,310609,18611,0,0
2020-04-23,FL,979,69,4693,4693,224,267876,7558,27662,697,0,291998,11064,291998,11064,0,0
2020-04-22,FL,910,54,4469,4469,234,260318,10754,26965,859,0,280934,12234,280934,12234,0,0
2020-04-21,FL,856,50,4235,4235,225,249564,9999,26106,746,0,268700,10579,268700,10579,0,0
2020-04-20,FL,806,25,4010,4010,80,239565,9482,25360,713,0,258121,9218,258121,9218,0,0
2020-04-19,FL,781,27,3930,3930,88,230083,8825,24647,741,0,248903,9158,248903,9158,0,0
2020-04-18,FL,754,55,3842,3842,177,221258,10540,23906,1083,0,239745,12795,239745,12795,0,0
2020-04-17,FL,699,53,3665,3665,205,210718,14367,22823,1199,0,226950,15461,226950,15461,0,0
2020-04-16,FL,646,37,3460,3460,116,196351,5353,21624,897,0,211489,9625,211489,9625,0,0
2020-04-15,FL,609,72,3344,3344,284,190998,9185,20727,592,0,201864,6421,201864,6421,0,0
2020-04-14,FL,537,54,3060,3060,227,181813,6207,20135,922,0,195443,8691,195443,8691,0,0
2020-04-13,FL,483,18,2833,2833,61,175606,12208,19213,809,0,186752,8697,186752,8697,0,0
2020-04-12,FL,465,27,2772,2772,111,163398,8959,18404,1064,0,178055,11251,178055,11251,0,0
2020-04-11,FL,438,48,2661,2661,174,154439,9140,17340,1088,0,166804,9442,166804,9442,0,0
2020-04-10,FL,390,36,2487,2487,219,145299,9114,16252,1033,0,157362,14011,157362,14011,0,0
2020-04-09,FL,354,45,2268,2268,206,136185,8506,15219,1046,0,143351,6493,143351,6493,0,0
2020-04-08,FL,309,13,2062,2062,63,127679,4264,14173,1006,0,136858,11510,136858,11510,0,0
2020-04-07,FL,296,60,1999,1999,317,123415,13465,13167,1159,0,125348,11063,125348,11063,0,0
2020-04-06,FL,236,18,1682,1682,110,109950,8697,12008,763,0,114285,7018,114285,7018,0,0
2020-04-05,FL,218,27,1572,1572,110,101253,10297,11245,1148,0,107267,12143,107267,12143,0,0
2020-04-04,FL,191,28,1462,1462,175,90956,8819,10097,1281,0,95124,10738,95124,10738,0,0
2020-04-03,FL,163,35,1287,1287,164,82137,12851,8816,1268,0,84386,12683,84386,12683,0,0
2020-04-02,FL,128,41,1123,1123,174,69286,9757,7548,1032,0,71703,8444,71703,8444,0,0
2020-04-01,FL,87,10,949,949,126,59529,5244,6516,904,0,63259,8213,63259,8213,0,0
2020-03-31,FL,77,14,823,823,171,54285,6060,5612,852,0,55046,6927,55046,6927,0,0
2020-03-30,FL,63,7,652,652,58,48225,9155,4760,876,0,48119,7137,48119,7137,0,0
2020-03-29,FL,56,2,594,594,68,39070,3704,3884,705,0,40982,6375,40982,6375,0,0
2020-03-28,FL,54,20,526,526,70,35366,7180,3179,659,0,34607,6244,34607,6244,0,0
2020-03-27,FL,34,6,456,456,50,28186,4445,2520,535,0,28363,5626,28363,5626,0,0
2020-03-26,FL,28,6,406,406,90,23741,8367,1985,497,0,22737,6902,22737,6902,0,0
2020-03-25,FL,22,4,316,316,57,15374,2247,1488,283,0,15835,2881,15835,2881,0,0
2020-03-24,FL,18,4,259,259,42,13127,2064,1205,176,0,12954,1670,12954,1670,0,0
2020-03-23,FL,14,1,217,217,32,11063,3073,1029,298,0,11284,2797,11284,2797,0,0
2020-03-22,FL,13,1,185,185,27,7990,1411,731,203,0,8487,2295,8487,2295,0,0
2020-03-21,FL,12,2,158,158,158,6579,4709,528,142,0,6192,1419,6192,1419,0,0
2020-03-20,FL,10,2,41728,41728,0,1870,337,386,76,0,4773,1102,4773,1102,0,0
2020-03-19,FL,8,1,41728,41728,0,1533,308,310,99,0,3671,1055,3671,1055,0,0
2020-03-18,FL,7,1,41728,41728,0,1225,285,211,62,0,2616,704,2616,704,0,0
2020-03-17,FL,6,2,41728,41728,0,940,256,149,27,0,1912,591,1912,591,0,0
2020-03-16,FL,4,0,41728,41728,0,684,6,122,31,0,1321,181,1321,181,0,0
2020-03-15,FL,4,1,41728,41728,0,678,200,91,40,0,1140,436,1140,436,0,0
2020-03-14,FL,3,1,41728,41728,0,478,0,51,20,0,704,199,704,199,0,0
2020-03-13,FL,2,0,41728,41728,0,478,177,31,5,0,505,118,505,118,0,0
2020-03-12,FL,2,0,41728,41728,0,301,0,26,6,0,387,53,387,53,0,0
2020-03-11,FL,2,2,41728,41728,0,301,79,20,2,0,334,71,334,71,0,0
2020-03-10,FL,12353,0,41728,41728,0,222,82,18,5,0,263,84,263,84,0,0
2020-03-09,FL,12353,0,41728,41728,0,140,22,13,1,0,179,36,179,36,0,0
2020-03-08,FL,12353,0,41728,41728,0,118,18,12,4,0,143,27,143,27,0,0
2020-03-07,FL,12353,0,41728,41728,0,100,45,8,0,0,116,48,116,48,0,0
2020-03-06,FL,12353,0,41728,41728,0,55,24,8,1,0,68,27,68,27,0,0
2020-03-05,FL,12353,0,41728,41728,0,31,7,7,4,0,41,19,41,19,0,0
2020-03-04,FL,12353,0,41728,41728,0,24,24,3,1,0,22,3,22,3,0,0
2020-03-03,FL,12353,0,41728,41728,0,4099796,0,2,2,0,19,4,19,4,0,0
2020-03-02,FL,12353,0,41728,41728,0,4099796,0,0,0,0,15,0,15,0,0,0
2020-03-01,FL,12353,0,41728,41728,0,4099796,0,0,0,0,15,0,15,0,0,0
2020-02-29,FL,12353,0,41728,41728,0,4099796,0,0,0,0,15,0,15,0,0,0
2020-02-28,FL,12353,0,41728,41728,0,4099796,0,0,0,0,15,0,15,0,0,0
2020-02-27,FL,12353,0,41728,41728,0,4099796,0,0,0,0,15,0,15,0,0,0
2020-02-26,FL,12353,0,41728,41728,0,4099796,0,0,0,0,15,0,15,0,0,0
2020-02-25,FL,12353,0,41728,41728,0,4099796,0,0,0,0,15,1,15,1,0,0
2020-02-24,FL,12353,0,41728,41728,0,4099796,0,0,0,0,14,0,14,0,0,0
2020-02-23,FL,12353,0,41728,41728,0,4099796,0,0,0,0,14,0,14,0,0,0
2020-02-22,FL,12353,0,41728,41728,0,4099796,0,0,0,0,14,1,14,1,0,0
2020-02-21,FL,12353,0,41728,41728,0,4099796,0,0,0,0,13,0,13,0,0,0
2020-02-20,FL,12353,0,41728,41728,0,4099796,0,0,0,0,13,0,13,0,0,0
2020-02-19,FL,12353,0,41728,41728,0,4099796,0,0,0,0,13,0,13,0,0,0
2020-02-18,FL,12353,0,41728,41728,0,4099796,0,0,0,0,13,0,13,0,0,0
2020-02-17,FL,12353,0,41728,41728,0,4099796,0,0,0,0,13,1,13,1,0,0
2020-02-16,FL,12353,0,41728,41728,0,4099796,0,0,0,0,12,0,12,0,0,0
2020-02-15,FL,12353,0,41728,41728,0,4099796,0,0,0,0,12,3,12,3,0,0
2020-02-14,FL,12353,0,41728,41728,0,4099796,0,0,0,0,9,0,9,0,0,0
2020-02-13,FL,12353,0,41728,41728,0,4099796,0,0,0,0,9,1,9,1,0,0
2020-02-12,FL,12353,0,41728,41728,0,4099796,0,0,0,0,8,0,8,0,0,0
2020-02-11,FL,12353,0,41728,41728,0,4099796,0,0,0,0,8,1,8,1,0,0
2020-02-10,FL,12353,0,41728,41728,0,4099796,0,0,0,0,7,0,7,0,0,0
2020-02-09,FL,12353,0,41728,41728,0,4099796,0,0,0,0,7,0,7,0,0,0
2020-02-08,FL,12353,0,41728,41728,0,4099796,0,0,0,0,7,1,7,1,0,0
2020-02-07,FL,12353,0,41728,41728,0,4099796,0,0,0,0,6,0,6,0,0,0
2020-02-06,FL,12353,0,41728,41728,0,4099796,0,0,0,0,6,0,6,0,0,0
2020-02-05,FL,12353,0,41728,41728,0,4099796,0,0,0,0,6,0,6,0,0,0
2020-02-04,FL,12353,0,41728,41728,0,4099796,0,0,0,0,6,2,6,2,0,0
2020-02-03,FL,12353,0,41728,41728,0,4099796,0,0,0,0,4,0,4,0,0,0
2020-02-02,FL,12353,0,41728,41728,0,4099796,0,0,0,0,4,0,4,0,0,0
2020-02-01,FL,12353,0,41728,41728,0,4099796,0,0,0,0,4,0,4,0,0,0
2020-01-31,FL,12353,0,41728,41728,0,4099796,0,0,0,0,4,3,4,3,0,0
2020-01-30,FL,12353,0,41728,41728,0,4099796,0,0,0,0,1,0,1,0,0,0
2020-01-29,FL,12353,0,41728,41728,0,4099796,0,0,0,0,1,1,1,0,0,0
